.| Salir|index.php|Ir a Inicio|home.png
.| Ayuda|inicio_help.php|Ayuda on line|utility.png
.| Marcas||Sistema de Marcas|folder.png
..| Control Administrativo
...| Evento Individual|marcas/m_eveind.php?conx=1&salir=1
..| Anotaciones Marginales
...| Con Facturacion Actual >= 2010
....| Cesiones, Fusiones y Cambios de Titular|marcas/m_amcesion.php
....| Cambios de Domicilio del Titular|marcas/m_amcamdom.php
....| Licencias de Uso|marcas/m_amlicuso.php
....| Renovacion|marcas/m_amrenova.php
...| Con Facturacion y Fecha <= 2009
....| Cesiones, Fusiones y Cambios de Titular|marcas/m_amcesionv.php
....| Cambios de Domicilio del Titular|marcas/m_amcamdomv.php
....| Licencias de Uso|marcas/m_amlicusov.php
....| Renovacion|marcas/m_amrenovav.php
...| Anterior Original
....| Renovacion Original|marcas/m_amrenova_original.php
....| Cambios de Domicilio del Titular|marcas/m_amcamdom_original.php
....| Cesiones, Fusiones y Cambios de Titular|marcas/m_amcesion_original.php
....| Licencias de Uso Original|marcas/m_amlicuso_original.php
...| Examen de Forma
....| Devoluciones|marcas/m_devanota.php
....| Oficios de Devolucion|marcas/m_rptdevam.php
....| Listado Devoluciones a Notas Marginales a Publicar|marcas/m_lisdevreg.php?conx=1&salir=1
...| Publicaciones en Bolet&iacute;n|marcas/m_marginal.php
...| Eliminacion Anota. Marginal a Publicar|marcas/m_actmargi.php?vopc=1
..| Consultas y Reportes
...| Consulta Interna|consultamarcas/indexi.php
...| Administrativos
....| Poderes|marcas/m_cpoderes.php
....| Usuarios|
.....| Por Criterio|marcas/m_rptpavzcri.php?conx=1&salir=1
.....| Por Listados Varios|marcas/m_rptpavztra.php?conx=1&salir=1
.....| Por Listados Varios x reg.|marcas/m_rptpavztra_r.php?conx=1&salir=1
.....| Por Transacciones x Reg.|marcas/m_rptpavztra_reg.php
.....| Por Transacciones x Sol.|marcas/m_rptpavztra1.php
.....| Listado de Anotaciones Marginales a Publicar|marcas/m_rptpanota.php?conx=1&salir=1
.| Patentes||Sistema de Patentes|folder-open.png
.| Bolet&iacute;n||Sistema de Boletin|colors.png
.| Via Web||Internet|email.png
.| DNDA||Sistema Derechos de Autor|pen_01.png
.| Mantenimiento||Mantenimiento del Sistema|colors.png
..| Cambio de Clave|comun/z_modpass.php
